"id","year_start","year_end","county_code","name"
"1","79","92","101","臺北市松山區"
"2","79","92","102","臺北市大安區"
"3","79","92","109","臺北市大同區"
"4","79","92","110","臺北市中山區"
"5","79","92","111","臺北市內湖區"
"6","79","92","112","臺北市南港區"
"7","79","92","115","臺北市士林區"
"8","79","92","116","臺北市北投區"
"9","79","92","117","臺北市信義區"
"10","79","92","118","臺北市中正區"
"11","79","92","119","臺北市萬華區"
"12","79","92","120","臺北市文山區"
"13","79","92","201","高雄市鹽埕區"
"14","79","92","202","高雄市鼓山區"
"15","79","92","203","高雄市左營區"
"16","79","92","204","高雄市楠梓區"
"17","79","92","205","高雄市三民區"
"18","79","92","206","高雄市新興區"
"19","79","92","207","高雄市前金區"
"20","79","92","208","高雄市苓雅區"
"21","79","92","209","高雄市前鎮區"
"22","79","92","210","高雄市旗津區"
"23","79","92","211","高雄市小港區"
"24","79","92","1101","基隆市中正區"
"25","79","92","1102","基隆市七堵區"
"26","79","92","1103","基隆市暖暖區"
"27","79","92","1104","基隆市仁愛區"
"28","79","92","1105","基隆市中山區"
"29","79","92","1106","基隆市安樂區"
"30","79","92","1107","基隆市信義區"
"31","79","92","1201","新竹市東區"
"32","79","92","1204","新竹市北區"
"33","79","92","1205","新竹市香山區"
"34","79","92","1701","臺中市中區"
"35","79","92","1702","臺中市東區"
"36","79","92","1703","臺中市西區"
"37","79","92","1704","臺中市南區"
"38","79","92","1705","臺中市北區"
"39","79","92","1706","臺中市西屯區"
"40","79","92","1707","臺中市南屯區"
"41","79","92","1708","臺中市北屯區"
"42","79","92","2101","臺南市東區"
"43","79","92","2102","臺南市南區"
"44","79","92","2103","臺南市西區"
"45","79","92","2104","臺南市北區"
"46","79","92","2105","臺南市中區"
"47","79","92","2106","臺南市安南區"
"48","79","92","2107","臺南市安平區"
"49","79","92","2201","嘉義市東區"
"50","79","92","2202","嘉義市西區"
"51","79","92","3101","臺北縣板橋市"
"52","79","92","3102","臺北縣三重市"
"53","79","92","3103","臺北縣永和市"
"54","79","92","3104","臺北縣中和市"
"55","79","92","3105","臺北縣新店市"
"56","79","92","3106","臺北縣新莊市"
"57","79","92","3107","臺北縣樹林鎮"
"58","79","92","3108","臺北縣鶯歌鎮"
"59","79","92","3109","臺北縣三峽鎮"
"60","79","92","3110","臺北縣淡水鎮"
"61","79","92","3111","臺北縣汐止鎮"
"62","79","92","3112","臺北縣瑞芳鎮"
"63","79","92","3113","臺北縣土城市"
"64","79","92","3114","臺北縣蘆洲市"
"65","79","92","3115","臺北縣五股鄉"
"66","79","92","3116","臺北縣泰山鄉"
"67","79","92","3117","臺北縣林口鄉"
"68","79","92","3118","臺北縣深坑鄉"
"69","79","92","3119","臺北縣石碇鄉"
"70","79","92","3120","臺北縣坪林鄉"
"71","79","92","3121","臺北縣三芝鄉"
"72","79","92","3122","臺北縣石門鄉"
"73","79","92","3123","臺北縣八里鄉"
"74","79","92","3124","臺北縣平溪鄉"
"75","79","92","3125","臺北縣雙溪鄉"
"76","79","92","3126","臺北縣貢寮鄉"
"77","79","92","3127","臺北縣金山鄉"
"78","79","92","3128","臺北縣萬里鄉"
"79","79","92","3129","臺北縣烏來鄉"
"80","79","92","3201","桃園縣桃園市"
"81","79","92","3202","桃園縣中壢市"
"82","79","92","3203","桃園縣大溪鎮"
"83","79","92","3204","桃園縣楊梅鎮"
"84","79","92","3205","桃園縣蘆竹鄉"
"85","79","92","3206","桃園縣大園鄉"
"86","79","92","3207","桃園縣龜山鄉"
"87","79","92","3208","桃園縣八德市"
"88","79","92","3209","桃園縣龍潭鄉"
"89","79","92","3210","桃園縣平鎮市"
"90","79","92","3211","桃園縣新屋鄉"
"91","79","92","3212","桃園縣觀音鄉"
"92","79","92","3213","桃園縣復興鄉"
"93","79","92","3301","新竹縣關西鎮"
"94","79","92","3302","新竹縣新埔鎮"
"95","79","92","3303","新竹縣竹東鎮"
"96","79","92","3305","新竹縣竹北市"
"97","79","92","3306","新竹縣湖口鄉"
"98","79","92","3307","新竹縣橫山鄉"
"99","79","92","3308","新竹縣新豐鄉"
"100","79","92","3309","新竹縣芎林鄉"
"101","79","92","3310","新竹縣寶山鄉"
"102","79","92","3311","新竹縣北埔鄉"
"103","79","92","3312","新竹縣峨眉鄉"
"104","79","92","3313","新竹縣尖石鄉"
"105","79","92","3314","新竹縣五峰鄉"
"106","79","92","3401","宜蘭縣宜蘭市"
"107","79","92","3402","宜蘭縣羅東鎮"
"108","79","92","3403","宜蘭縣蘇澳鎮"
"109","79","92","3404","宜蘭縣頭城鎮"
"110","79","92","3405","宜蘭縣礁溪鄉"
"111","79","92","3406","宜蘭縣壯圍鄉"
"112","79","92","3407","宜蘭縣員山鄉"
"113","79","92","3408","宜蘭縣冬山鄉"
"114","79","92","3409","宜蘭縣五結鄉"
"115","79","92","3410","宜蘭縣三星鄉"
"116","79","92","3411","宜蘭縣大同鄉"
"117","79","92","3412","宜蘭縣南澳鄉"
"118","79","92","3501","苗栗縣苗栗市"
"119","79","92","3502","苗栗縣苑裡鎮"
"120","79","92","3503","苗栗縣通霄鎮"
"121","79","92","3504","苗栗縣竹南鎮"
"122","79","92","3505","苗栗縣頭份鎮"
"123","79","92","3506","苗栗縣後龍鎮"
"124","79","92","3507","苗栗縣卓蘭鎮"
"125","79","92","3508","苗栗縣大湖鄉"
"126","79","92","3509","苗栗縣公館鄉"
"127","79","92","3510","苗栗縣銅鑼鄉"
"128","79","92","3511","苗栗縣南庄鄉"
"129","79","92","3512","苗栗縣頭屋鄉"
"130","79","92","3513","苗栗縣三義鄉"
"131","79","92","3514","苗栗縣西湖鄉"
"132","79","92","3515","苗栗縣造橋鄉"
"133","79","92","3516","苗栗縣三灣鄉"
"134","79","92","3517","苗栗縣獅潭鄉"
"135","79","92","3518","苗栗縣泰安鄉"
"136","79","92","3601","臺中縣豐原市"
"137","79","92","3602","臺中縣東勢鎮"
"138","79","92","3603","臺中縣大甲鎮"
"139","79","92","3604","臺中縣清水鎮"
"140","79","92","3605","臺中縣沙鹿鎮"
"141","79","92","3606","臺中縣梧棲鎮"
"142","79","92","3607","臺中縣后里鄉"
"143","79","92","3608","臺中縣神岡鄉"
"144","79","92","3609","臺中縣潭子鄉"
"145","79","92","3610","臺中縣大雅鄉"
"146","79","92","3611","臺中縣新社鄉"
"147","79","92","3612","臺中縣石岡鄉"
"148","79","92","3613","臺中縣外埔鄉"
"149","79","92","3614","臺中縣大安鄉"
"150","79","92","3615","臺中縣烏日鄉"
"151","79","92","3616","臺中縣大肚鄉"
"152","79","92","3617","臺中縣龍井鄉"
"153","79","92","3618","臺中縣霧峰鄉"
"154","79","92","3619","臺中縣太平市"
"155","79","92","3620","臺中縣大里市"
"156","79","92","3621","臺中縣和平鄉"
"157","79","92","3701","彰化縣彰化市"
"158","79","92","3702","彰化縣鹿港鎮"
"159","79","92","3703","彰化縣和美鎮"
"160","79","92","3704","彰化縣北斗鎮"
"161","79","92","3705","彰化縣員林鎮"
"162","79","92","3706","彰化縣溪湖鎮"
"163","79","92","3707","彰化縣田中鎮"
"164","79","92","3708","彰化縣二林鎮"
"165","79","92","3709","彰化縣線西鄉"
"166","79","92","3710","彰化縣伸港鄉"
"167","79","92","3711","彰化縣福興鄉"
"168","79","92","3712","彰化縣秀水鄉"
"169","79","92","3713","彰化縣花壇鄉"
"170","79","92","3714","彰化縣芬園鄉"
"171","79","92","3715","彰化縣大村鄉"
"172","79","92","3716","彰化縣埔鹽鄉"
"173","79","92","3717","彰化縣埔心鄉"
"174","79","92","3718","彰化縣永靖鄉"
"175","79","92","3719","彰化縣社頭鄉"
"176","79","92","3720","彰化縣二水鄉"
"177","79","92","3721","彰化縣田尾鄉"
"178","79","92","3722","彰化縣埤頭鄉"
"179","79","92","3723","彰化縣芳苑鄉"
"180","79","92","3724","彰化縣大城鄉"
"181","79","92","3725","彰化縣竹塘鄉"
"182","79","92","3726","彰化縣溪州鄉"
"183","79","92","3801","南投縣南投市"
"184","79","92","3802","南投縣埔里鎮"
"185","79","92","3803","南投縣草屯鎮"
"186","79","92","3804","南投縣竹山鎮"
"187","79","92","3805","南投縣集集鎮"
"188","79","92","3806","南投縣名間鄉"
"189","79","92","3807","南投縣鹿谷鄉"
"190","79","92","3808","南投縣中寮鄉"
"191","79","92","3809","南投縣魚池鄉"
"192","79","92","3810","南投縣國姓鄉"
"193","79","92","3811","南投縣水里鄉"
"194","79","92","3812","南投縣信義鄉"
"195","79","92","3813","南投縣仁愛鄉"
"196","79","92","3901","雲林縣斗六市"
"197","79","92","3902","雲林縣斗南鎮"
"198","79","92","3903","雲林縣虎尾鎮"
"199","79","92","3904","雲林縣西螺鎮"
"200","79","92","3905","雲林縣土庫鎮"
"201","79","92","3906","雲林縣北港鎮"
"202","79","92","3907","雲林縣古坑鄉"
"203","79","92","3908","雲林縣大埤鄉"
"204","79","92","3909","雲林縣莿桐鄉"
"205","79","92","3910","雲林縣林內鄉"
"206","79","92","3911","雲林縣二崙鄉"
"207","79","92","3912","雲林縣崙背鄉"
"208","79","92","3913","雲林縣麥寮鄉"
"209","79","92","3914","雲林縣東勢鄉"
"210","79","92","3915","雲林縣褒忠鄉"
"211","79","92","3916","雲林縣臺西鄉"
"212","79","92","3917","雲林縣元長鄉"
"213","79","92","3918","雲林縣四湖鄉"
"214","79","92","3919","雲林縣口湖鄉"
"215","79","92","3920","雲林縣水林鄉"
"216","79","92","4001","嘉義縣朴子市"
"217","79","92","4002","嘉義縣布袋鎮"
"218","79","92","4003","嘉義縣大林鎮"
"219","79","92","4004","嘉義縣民雄鄉"
"220","79","92","4005","嘉義縣溪口鄉"
"221","79","92","4006","嘉義縣新港鄉"
"222","79","92","4007","嘉義縣六腳鄉"
"223","79","92","4008","嘉義縣東石鄉"
"224","79","92","4009","嘉義縣義竹鄉"
"225","79","92","4010","嘉義縣鹿草鄉"
"226","79","92","4011","嘉義縣太保市"
"227","79","92","4012","嘉義縣水上鄉"
"228","79","92","4013","嘉義縣中埔鄉"
"229","79","92","4014","嘉義縣竹崎鄉"
"230","79","92","4015","嘉義縣梅山鄉"
"231","79","92","4016","嘉義縣番路鄉"
"232","79","92","4017","嘉義縣大埔鄉"
"233","79","92","4018","嘉義縣阿里山鄉"
"234","79","92","4101","臺南縣新營市"
"235","79","92","4102","臺南縣鹽水鎮"
"236","79","92","4103","臺南縣白河鎮"
"237","79","92","4104","臺南縣麻豆鎮"
"238","79","92","4105","臺南縣佳里鎮"
"239","79","92","4106","臺南縣新化鎮"
"240","79","92","4107","臺南縣善化鎮"
"241","79","92","4108","臺南縣學甲鎮"
"242","79","92","4109","臺南縣柳營鄉"
"243","79","92","4110","臺南縣後壁鄉"
"244","79","92","4111","臺南縣東山鄉"
"245","79","92","4112","臺南縣下營鄉"
"246","79","92","4113","臺南縣六甲鄉"
"247","79","92","4114","臺南縣官田鄉"
"248","79","92","4115","臺南縣大內鄉"
"249","79","92","4116","臺南縣西港鄉"
"250","79","92","4117","臺南縣七股鄉"
"251","79","92","4118","臺南縣將軍鄉"
"252","79","92","4119","臺南縣北門鄉"
"253","79","92","4120","臺南縣新市鄉"
"254","79","92","4121","臺南縣安定鄉"
"255","79","92","4122","臺南縣山上鄉"
"256","79","92","4123","臺南縣玉井鄉"
"257","79","92","4124","臺南縣楠西鄉"
"258","79","92","4125","臺南縣南化鄉"
"259","79","92","4126","臺南縣左鎮鄉"
"260","79","92","4127","臺南縣仁德鄉"
"261","79","92","4128","臺南縣歸仁鄉"
"262","79","92","4129","臺南縣關廟鄉"
"263","79","92","4130","臺南縣龍崎鄉"
"264","79","92","4131","臺南縣永康市"
"265","79","92","4201","高雄縣鳳山市"
"266","79","92","4202","高雄縣岡山鎮"
"267","79","92","4203","高雄縣旗山鎮"
"268","79","92","4204","高雄縣美濃鎮"
"269","79","92","4205","高雄縣林園鄉"
"270","79","92","4206","高雄縣大寮鄉"
"271","79","92","4207","高雄縣大樹鄉"
"272","79","92","4208","高雄縣仁武鄉"
"273","79","92","4209","高雄縣大社鄉"
"274","79","92","4210","高雄縣鳥松鄉"
"275","79","92","4211","高雄縣橋頭鄉"
"276","79","92","4212","高雄縣燕巢鄉"
"277","79","92","4213","高雄縣田寮鄉"
"278","79","92","4214","高雄縣阿蓮鄉"
"279","79","92","4215","高雄縣路竹鄉"
"280","79","92","4216","高雄縣湖內鄉"
"281","79","92","4217","高雄縣茄萣鄉"
"282","79","92","4218","高雄縣永安鄉"
"283","79","92","4219","高雄縣彌陀鄉"
"284","79","92","4220","高雄縣梓官鄉"
"285","79","92","4221","高雄縣六龜鄉"
"286","79","92","4222","高雄縣甲仙鄉"
"287","79","92","4223","高雄縣杉林鄉"
"288","79","92","4224","高雄縣內門鄉"
"289","79","92","4225","高雄縣茂林鄉"
"290","79","92","4226","高雄縣桃源鄉"
"291","79","92","4227","高雄縣三民鄉"
"292","79","92","4301","屏東縣屏東市"
"293","79","92","4302","屏東縣潮州鎮"
"294","79","92","4303","屏東縣東港鎮"
"295","79","92","4304","屏東縣恆春鎮"
"296","79","92","4305","屏東縣萬丹鄉"
"297","79","92","4306","屏東縣長治鄉"
"298","79","92","4307","屏東縣麟洛鄉"
"299","79","92","4308","屏東縣九如鄉"
"300","79","92","4309","屏東縣里港鄉"
"301","79","92","4310","屏東縣鹽埔鄉"
"302","79","92","4311","屏東縣高樹鄉"
"303","79","92","4312","屏東縣萬巒鄉"
"304","79","92","4313","屏東縣內埔鄉"
"305","79","92","4314","屏東縣竹田鄉"
"306","79","92","4315","屏東縣新埤鄉"
"307","79","92","4316","屏東縣枋寮鄉"
"308","79","92","4317","屏東縣新園鄉"
"309","79","92","4318","屏東縣崁頂鄉"
"310","79","92","4319","屏東縣林邊鄉"
"311","79","92","4320","屏東縣南州鄉"
"312","79","92","4321","屏東縣佳冬鄉"
"313","79","92","4322","屏東縣琉球鄉"
"314","79","92","4323","屏東縣車城鄉"
"315","79","92","4324","屏東縣滿州鄉"
"316","79","92","4325","屏東縣枋山鄉"
"317","79","92","4326","屏東縣三地門鄉"
"318","79","92","4327","屏東縣霧臺鄉"
"319","79","92","4328","屏東縣瑪家鄉"
"320","79","92","4329","屏東縣泰武鄉"
"321","79","92","4330","屏東縣來義鄉"
"322","79","92","4331","屏東縣春日鄉"
"323","79","92","4332","屏東縣獅子鄉"
"324","79","92","4333","屏東縣牡丹鄉"
"325","79","92","4401","澎湖縣馬公市"
"326","79","92","4402","澎湖縣湖西鄉"
"327","79","92","4403","澎湖縣白沙鄉"
"328","79","92","4404","澎湖縣西嶼鄉"
"329","79","92","4405","澎湖縣望安鄉"
"330","79","92","4406","澎湖縣七美鄉"
"331","79","92","4501","花蓮縣花蓮市"
"332","79","92","4502","花蓮縣鳳林鎮"
"333","79","92","4503","花蓮縣玉里鎮"
"334","79","92","4504","花蓮縣新城鄉"
"335","79","92","4505","花蓮縣吉安鄉"
"336","79","92","4506","花蓮縣壽豐鄉"
"337","79","92","4507","花蓮縣光復鄉"
"338","79","92","4508","花蓮縣豐濱鄉"
"339","79","92","4509","花蓮縣瑞穗鄉"
"340","79","92","4510","花蓮縣富里鄉"
"341","79","92","4511","花蓮縣秀林鄉"
"342","79","92","4512","花蓮縣萬榮鄉"
"343","79","92","4513","花蓮縣卓溪鄉"
"344","79","92","4601","臺東縣臺東市"
"345","79","92","4602","臺東縣成功鎮"
"346","79","92","4603","臺東縣關山鎮"
"347","79","92","4604","臺東縣卑南鄉"
"348","79","92","4605","臺東縣大武鄉"
"349","79","92","4606","臺東縣太麻里鄉"
"350","79","92","4607","臺東縣東河鄉"
"351","79","92","4608","臺東縣長濱鄉"
"352","79","92","4609","臺東縣鹿野鄉"
"353","79","92","4610","臺東縣池上鄉"
"354","79","92","4611","臺東縣綠島鄉"
"355","79","92","4612","臺東縣延平鄉"
"356","79","92","4613","臺東縣海端鄉"
"357","79","92","4614","臺東縣達仁鄉"
"358","79","92","4615","臺東縣金峰鄉"
"359","79","92","4616","臺東縣蘭嶼鄉"
"360","79","92","9001","金門縣金城鎮"
"361","79","92","9002","金門縣金沙鎮"
"362","79","92","9003","金門縣金湖鎮"
"363","79","92","9004","金門縣金寧鎮"
"364","79","92","9005","金門縣烈嶼鄉"
"365","79","92","9006","金門縣烏坵鄉"
"366","79","92","9101","連江縣南竿鄉"
"367","79","92","9102","連江縣北竿鄉"
"368","79","92","9103","連江縣莒光鄉"
"369","79","92","9104","連江縣東引鄉"
"370","93","96","101","臺北市松山區"
"371","93","96","102","臺北市大安區"
"372","93","96","109","臺北市大同區"
"373","93","96","110","臺北市中山區"
"374","93","96","111","臺北市內湖區"
"375","93","96","112","臺北市南港區"
"376","93","96","115","臺北市士林區"
"377","93","96","116","臺北市北投區"
"378","93","96","117","臺北市信義區"
"379","93","96","118","臺北市中正區"
"380","93","96","119","臺北市萬華區"
"381","93","96","120","臺北市文山區"
"382","93","96","201","高雄市鹽埕區"
"383","93","96","202","高雄市鼓山區"
"384","93","96","203","高雄市左營區"
"385","93","96","204","高雄市楠梓區"
"386","93","96","205","高雄市三民區"
"387","93","96","206","高雄市新興區"
"388","93","96","207","高雄市前金區"
"389","93","96","208","高雄市苓雅區"
"390","93","96","209","高雄市前鎮區"
"391","93","96","210","高雄市旗津區"
"392","93","96","211","高雄市小港區"
"393","93","96","1101","基隆市中正區"
"394","93","96","1102","基隆市七堵區"
"395","93","96","1103","基隆市暖暖區"
"396","93","96","1104","基隆市仁愛區"
"397","93","96","1105","基隆市中山區"
"398","93","96","1106","基隆市安樂區"
"399","93","96","1107","基隆市信義區"
"400","93","96","1201","新竹市東區"
"401","93","96","1204","新竹市北區"
"402","93","96","1205","新竹市香山區"
"403","93","96","1701","臺中市中區"
"404","93","96","1702","臺中市東區"
"405","93","96","1703","臺中市西區"
"406","93","96","1704","臺中市南區"
"407","93","96","1705","臺中市北區"
"408","93","96","1706","臺中市西屯區"
"409","93","96","1707","臺中市南屯區"
"410","93","96","1708","臺中市北屯區"
"411","93","96","2101","臺南市東區"
"412","93","96","2102","臺南市南區"
"413","93","96","2103","臺南市中西區"
"414","93","96","2104","臺南市北區"
"415","93","96","2106","臺南市安南區"
"416","93","96","2107","臺南市安平區"
"417","93","96","2201","嘉義市東區"
"418","93","96","2202","嘉義市西區"
"419","93","96","3101","臺北縣板橋市"
"420","93","96","3102","臺北縣三重市"
"421","93","96","3103","臺北縣永和市"
"422","93","96","3104","臺北縣中和市"
"423","93","96","3105","臺北縣新店市"
"424","93","96","3106","臺北縣新莊市"
"425","93","96","3107","臺北縣樹林鎮"
"426","93","96","3108","臺北縣鶯歌鎮"
"427","93","96","3109","臺北縣三峽鎮"
"428","93","96","3110","臺北縣淡水鎮"
"429","93","96","3111","臺北縣汐止鎮"
"430","93","96","3112","臺北縣瑞芳鎮"
"431","93","96","3113","臺北縣土城市"
"432","93","96","3114","臺北縣蘆洲市"
"433","93","96","3115","臺北縣五股鄉"
"434","93","96","3116","臺北縣泰山鄉"
"435","93","96","3117","臺北縣林口鄉"
"436","93","96","3118","臺北縣深坑鄉"
"437","93","96","3119","臺北縣石碇鄉"
"438","93","96","3120","臺北縣坪林鄉"
"439","93","96","3121","臺北縣三芝鄉"
"440","93","96","3122","臺北縣石門鄉"
"441","93","96","3123","臺北縣八里鄉"
"442","93","96","3124","臺北縣平溪鄉"
"443","93","96","3125","臺北縣雙溪鄉"
"444","93","96","3126","臺北縣貢寮鄉"
"445","93","96","3127","臺北縣金山鄉"
"446","93","96","3128","臺北縣萬里鄉"
"447","93","96","3129","臺北縣烏來鄉"
"448","93","96","3201","桃園縣桃園市"
"449","93","96","3202","桃園縣中壢市"
"450","93","96","3203","桃園縣大溪鎮"
"451","93","96","3204","桃園縣楊梅鎮"
"452","93","96","3205","桃園縣蘆竹鄉"
"453","93","96","3206","桃園縣大園鄉"
"454","93","96","3207","桃園縣龜山鄉"
"455","93","96","3208","桃園縣八德市"
"456","93","96","3209","桃園縣龍潭鄉"
"457","93","96","3210","桃園縣平鎮市"
"458","93","96","3211","桃園縣新屋鄉"
"459","93","96","3212","桃園縣觀音鄉"
"460","93","96","3213","桃園縣復興鄉"
"461","93","96","3301","新竹縣關西鎮"
"462","93","96","3302","新竹縣新埔鎮"
"463","93","96","3303","新竹縣竹東鎮"
"464","93","96","3305","新竹縣竹北市"
"465","93","96","3306","新竹縣湖口鄉"
"466","93","96","3307","新竹縣橫山鄉"
"467","93","96","3308","新竹縣新豐鄉"
"468","93","96","3309","新竹縣芎林鄉"
"469","93","96","3310","新竹縣寶山鄉"
"470","93","96","3311","新竹縣北埔鄉"
"471","93","96","3312","新竹縣峨眉鄉"
"472","93","96","3313","新竹縣尖石鄉"
"473","93","96","3314","新竹縣五峰鄉"
"474","93","96","3401","宜蘭縣宜蘭市"
"475","93","96","3402","宜蘭縣羅東鎮"
"476","93","96","3403","宜蘭縣蘇澳鎮"
"477","93","96","3404","宜蘭縣頭城鎮"
"478","93","96","3405","宜蘭縣礁溪鄉"
"479","93","96","3406","宜蘭縣壯圍鄉"
"480","93","96","3407","宜蘭縣員山鄉"
"481","93","96","3408","宜蘭縣冬山鄉"
"482","93","96","3409","宜蘭縣五結鄉"
"483","93","96","3410","宜蘭縣三星鄉"
"484","93","96","3411","宜蘭縣大同鄉"
"485","93","96","3412","宜蘭縣南澳鄉"
"486","93","96","3501","苗栗縣苗栗市"
"487","93","96","3502","苗栗縣苑裡鎮"
"488","93","96","3503","苗栗縣通霄鎮"
"489","93","96","3504","苗栗縣竹南鎮"
"490","93","96","3505","苗栗縣頭份鎮"
"491","93","96","3506","苗栗縣後龍鎮"
"492","93","96","3507","苗栗縣卓蘭鎮"
"493","93","96","3508","苗栗縣大湖鄉"
"494","93","96","3509","苗栗縣公館鄉"
"495","93","96","3510","苗栗縣銅鑼鄉"
"496","93","96","3511","苗栗縣南庄鄉"
"497","93","96","3512","苗栗縣頭屋鄉"
"498","93","96","3513","苗栗縣三義鄉"
"499","93","96","3514","苗栗縣西湖鄉"
"500","93","96","3515","苗栗縣造橋鄉"
"501","93","96","3516","苗栗縣三灣鄉"
"502","93","96","3517","苗栗縣獅潭鄉"
"503","93","96","3518","苗栗縣泰安鄉"
"504","93","96","3601","臺中縣豐原市"
"505","93","96","3602","臺中縣東勢鎮"
"506","93","96","3603","臺中縣大甲鎮"
"507","93","96","3604","臺中縣清水鎮"
"508","93","96","3605","臺中縣沙鹿鎮"
"509","93","96","3606","臺中縣梧棲鎮"
"510","93","96","3607","臺中縣后里鄉"
"511","93","96","3608","臺中縣神岡鄉"
"512","93","96","3609","臺中縣潭子鄉"
"513","93","96","3610","臺中縣大雅鄉"
"514","93","96","3611","臺中縣新社鄉"
"515","93","96","3612","臺中縣石岡鄉"
"516","93","96","3613","臺中縣外埔鄉"
"517","93","96","3614","臺中縣大安鄉"
"518","93","96","3615","臺中縣烏日鄉"
"519","93","96","3616","臺中縣大肚鄉"
"520","93","96","3617","臺中縣龍井鄉"
"521","93","96","3618","臺中縣霧峰鄉"
"522","93","96","3619","臺中縣太平市"
"523","93","96","3620","臺中縣大里市"
"524","93","96","3621","臺中縣和平鄉"
"525","93","96","3701","彰化縣彰化市"
"526","93","96","3702","彰化縣鹿港鎮"
"527","93","96","3703","彰化縣和美鎮"
"528","93","96","3704","彰化縣北斗鎮"
"529","93","96","3705","彰化縣員林鎮"
"530","93","96","3706","彰化縣溪湖鎮"
"531","93","96","3707","彰化縣田中鎮"
"532","93","96","3708","彰化縣二林鎮"
"533","93","96","3709","彰化縣線西鄉"
"534","93","96","3710","彰化縣伸港鄉"
"535","93","96","3711","彰化縣福興鄉"
"536","93","96","3712","彰化縣秀水鄉"
"537","93","96","3713","彰化縣花壇鄉"
"538","93","96","3714","彰化縣芬園鄉"
"539","93","96","3715","彰化縣大村鄉"
"540","93","96","3716","彰化縣埔鹽鄉"
"541","93","96","3717","彰化縣埔心鄉"
"542","93","96","3718","彰化縣永靖鄉"
"543","93","96","3719","彰化縣社頭鄉"
"544","93","96","3720","彰化縣二水鄉"
"545","93","96","3721","彰化縣田尾鄉"
"546","93","96","3722","彰化縣埤頭鄉"
"547","93","96","3723","彰化縣芳苑鄉"
"548","93","96","3724","彰化縣大城鄉"
"549","93","96","3725","彰化縣竹塘鄉"
"550","93","96","3726","彰化縣溪州鄉"
"551","93","96","3801","南投縣南投市"
"552","93","96","3802","南投縣埔里鎮"
"553","93","96","3803","南投縣草屯鎮"
"554","93","96","3804","南投縣竹山鎮"
"555","93","96","3805","南投縣集集鎮"
"556","93","96","3806","南投縣名間鄉"
"557","93","96","3807","南投縣鹿谷鄉"
"558","93","96","3808","南投縣中寮鄉"
"559","93","96","3809","南投縣魚池鄉"
"560","93","96","3810","南投縣國姓鄉"
"561","93","96","3811","南投縣水里鄉"
"562","93","96","3812","南投縣信義鄉"
"563","93","96","3813","南投縣仁愛鄉"
"564","93","96","3901","雲林縣斗六市"
"565","93","96","3902","雲林縣斗南鎮"
"566","93","96","3903","雲林縣虎尾鎮"
"567","93","96","3904","雲林縣西螺鎮"
"568","93","96","3905","雲林縣土庫鎮"
"569","93","96","3906","雲林縣北港鎮"
"570","93","96","3907","雲林縣古坑鄉"
"571","93","96","3908","雲林縣大埤鄉"
"572","93","96","3909","雲林縣莿桐鄉"
"573","93","96","3910","雲林縣林內鄉"
"574","93","96","3911","雲林縣二崙鄉"
"575","93","96","3912","雲林縣崙背鄉"
"576","93","96","3913","雲林縣麥寮鄉"
"577","93","96","3914","雲林縣東勢鄉"
"578","93","96","3915","雲林縣褒忠鄉"
"579","93","96","3916","雲林縣臺西鄉"
"580","93","96","3917","雲林縣元長鄉"
"581","93","96","3918","雲林縣四湖鄉"
"582","93","96","3919","雲林縣口湖鄉"
"583","93","96","3920","雲林縣水林鄉"
"584","93","96","4001","嘉義縣朴子市"
"585","93","96","4002","嘉義縣布袋鎮"
"586","93","96","4003","嘉義縣大林鎮"
"587","93","96","4004","嘉義縣民雄鄉"
"588","93","96","4005","嘉義縣溪口鄉"
"589","93","96","4006","嘉義縣新港鄉"
"590","93","96","4007","嘉義縣六腳鄉"
"591","93","96","4008","嘉義縣東石鄉"
"592","93","96","4009","嘉義縣義竹鄉"
"593","93","96","4010","嘉義縣鹿草鄉"
"594","93","96","4011","嘉義縣太保市"
"595","93","96","4012","嘉義縣水上鄉"
"596","93","96","4013","嘉義縣中埔鄉"
"597","93","96","4014","嘉義縣竹崎鄉"
"598","93","96","4015","嘉義縣梅山鄉"
"599","93","96","4016","嘉義縣番路鄉"
"600","93","96","4017","嘉義縣大埔鄉"
"601","93","96","4018","嘉義縣阿里山鄉"
"602","93","96","4101","臺南縣新營市"
"603","93","96","4102","臺南縣鹽水鎮"
"604","93","96","4103","臺南縣白河鎮"
"605","93","96","4104","臺南縣麻豆鎮"
"606","93","96","4105","臺南縣佳里鎮"
"607","93","96","4106","臺南縣新化鎮"
"608","93","96","4107","臺南縣善化鎮"
"609","93","96","4108","臺南縣學甲鎮"
"610","93","96","4109","臺南縣柳營鄉"
"611","93","96","4110","臺南縣後壁鄉"
"612","93","96","4111","臺南縣東山鄉"
"613","93","96","4112","臺南縣下營鄉"
"614","93","96","4113","臺南縣六甲鄉"
"615","93","96","4114","臺南縣官田鄉"
"616","93","96","4115","臺南縣大內鄉"
"617","93","96","4116","臺南縣西港鄉"
"618","93","96","4117","臺南縣七股鄉"
"619","93","96","4118","臺南縣將軍鄉"
"620","93","96","4119","臺南縣北門鄉"
"621","93","96","4120","臺南縣新市鄉"
"622","93","96","4121","臺南縣安定鄉"
"623","93","96","4122","臺南縣山上鄉"
"624","93","96","4123","臺南縣玉井鄉"
"625","93","96","4124","臺南縣楠西鄉"
"626","93","96","4125","臺南縣南化鄉"
"627","93","96","4126","臺南縣左鎮鄉"
"628","93","96","4127","臺南縣仁德鄉"
"629","93","96","4128","臺南縣歸仁鄉"
"630","93","96","4129","臺南縣關廟鄉"
"631","93","96","4130","臺南縣龍崎鄉"
"632","93","96","4131","臺南縣永康市"
"633","93","96","4201","高雄縣鳳山市"
"634","93","96","4202","高雄縣岡山鎮"
"635","93","96","4203","高雄縣旗山鎮"
"636","93","96","4204","高雄縣美濃鎮"
"637","93","96","4205","高雄縣林園鄉"
"638","93","96","4206","高雄縣大寮鄉"
"639","93","96","4207","高雄縣大樹鄉"
"640","93","96","4208","高雄縣仁武鄉"
"641","93","96","4209","高雄縣大社鄉"
"642","93","96","4210","高雄縣鳥松鄉"
"643","93","96","4211","高雄縣橋頭鄉"
"644","93","96","4212","高雄縣燕巢鄉"
"645","93","96","4213","高雄縣田寮鄉"
"646","93","96","4214","高雄縣阿蓮鄉"
"647","93","96","4215","高雄縣路竹鄉"
"648","93","96","4216","高雄縣湖內鄉"
"649","93","96","4217","高雄縣茄萣鄉"
"650","93","96","4218","高雄縣永安鄉"
"651","93","96","4219","高雄縣彌陀鄉"
"652","93","96","4220","高雄縣梓官鄉"
"653","93","96","4221","高雄縣六龜鄉"
"654","93","96","4222","高雄縣甲仙鄉"
"655","93","96","4223","高雄縣杉林鄉"
"656","93","96","4224","高雄縣內門鄉"
"657","93","96","4225","高雄縣茂林鄉"
"658","93","96","4226","高雄縣桃源鄉"
"659","93","96","4227","高雄縣三民鄉"
"660","93","96","4301","屏東縣屏東市"
"661","93","96","4302","屏東縣潮州鎮"
"662","93","96","4303","屏東縣東港鎮"
"663","93","96","4304","屏東縣恆春鎮"
"664","93","96","4305","屏東縣萬丹鄉"
"665","93","96","4306","屏東縣長治鄉"
"666","93","96","4307","屏東縣麟洛鄉"
"667","93","96","4308","屏東縣九如鄉"
"668","93","96","4309","屏東縣里港鄉"
"669","93","96","4310","屏東縣鹽埔鄉"
"670","93","96","4311","屏東縣高樹鄉"
"671","93","96","4312","屏東縣萬巒鄉"
"672","93","96","4313","屏東縣內埔鄉"
"673","93","96","4314","屏東縣竹田鄉"
"674","93","96","4315","屏東縣新埤鄉"
"675","93","96","4316","屏東縣枋寮鄉"
"676","93","96","4317","屏東縣新園鄉"
"677","93","96","4318","屏東縣崁頂鄉"
"678","93","96","4319","屏東縣林邊鄉"
"679","93","96","4320","屏東縣南州鄉"
"680","93","96","4321","屏東縣佳冬鄉"
"681","93","96","4322","屏東縣琉球鄉"
"682","93","96","4323","屏東縣車城鄉"
"683","93","96","4324","屏東縣滿州鄉"
"684","93","96","4325","屏東縣枋山鄉"
"685","93","96","4326","屏東縣三地門鄉"
"686","93","96","4327","屏東縣霧臺鄉"
"687","93","96","4328","屏東縣瑪家鄉"
"688","93","96","4329","屏東縣泰武鄉"
"689","93","96","4330","屏東縣來義鄉"
"690","93","96","4331","屏東縣春日鄉"
"691","93","96","4332","屏東縣獅子鄉"
"692","93","96","4333","屏東縣牡丹鄉"
"693","93","96","4401","澎湖縣馬公市"
"694","93","96","4402","澎湖縣湖西鄉"
"695","93","96","4403","澎湖縣白沙鄉"
"696","93","96","4404","澎湖縣西嶼鄉"
"697","93","96","4405","澎湖縣望安鄉"
"698","93","96","4406","澎湖縣七美鄉"
"699","93","96","4501","花蓮縣花蓮市"
"700","93","96","4502","花蓮縣鳳林鎮"
"701","93","96","4503","花蓮縣玉里鎮"
"702","93","96","4504","花蓮縣新城鄉"
"703","93","96","4505","花蓮縣吉安鄉"
"704","93","96","4506","花蓮縣壽豐鄉"
"705","93","96","4507","花蓮縣光復鄉"
"706","93","96","4508","花蓮縣豐濱鄉"
"707","93","96","4509","花蓮縣瑞穗鄉"
"708","93","96","4510","花蓮縣富里鄉"
"709","93","96","4511","花蓮縣秀林鄉"
"710","93","96","4512","花蓮縣萬榮鄉"
"711","93","96","4513","花蓮縣卓溪鄉"
"712","93","96","4601","臺東縣臺東市"
"713","93","96","4602","臺東縣成功鎮"
"714","93","96","4603","臺東縣關山鎮"
"715","93","96","4604","臺東縣卑南鄉"
"716","93","96","4605","臺東縣大武鄉"
"717","93","96","4606","臺東縣太麻里鄉"
"718","93","96","4607","臺東縣東河鄉"
"719","93","96","4608","臺東縣長濱鄉"
"720","93","96","4609","臺東縣鹿野鄉"
"721","93","96","4610","臺東縣池上鄉"
"722","93","96","4611","臺東縣綠島鄉"
"723","93","96","4612","臺東縣延平鄉"
"724","93","96","4613","臺東縣海端鄉"
"725","93","96","4614","臺東縣達仁鄉"
"726","93","96","4615","臺東縣金峰鄉"
"727","93","96","4616","臺東縣蘭嶼鄉"
"728","93","96","9001","金門縣金城鎮"
"729","93","96","9002","金門縣金沙鎮"
"730","93","96","9003","金門縣金湖鎮"
"731","93","96","9004","金門縣金寧鎮"
"732","93","96","9005","金門縣烈嶼鄉"
"733","93","96","9006","金門縣烏坵鄉"
"734","93","96","9101","連江縣南竿鄉"
"735","93","96","9102","連江縣北竿鄉"
"736","93","96","9103","連江縣莒光鄉"
"737","93","96","9104","連江縣東引鄉"
"738","97","99","101","臺北市松山區"
"739","97","99","102","臺北市大安區"
"740","97","99","109","臺北市大同區"
"741","97","99","110","臺北市中山區"
"742","97","99","111","臺北市內湖區"
"743","97","99","112","臺北市南港區"
"744","97","99","115","臺北市士林區"
"745","97","99","116","臺北市北投區"
"746","97","99","117","臺北市信義區"
"747","97","99","118","臺北市中正區"
"748","97","99","119","臺北市萬華區"
"749","97","99","120","臺北市文山區"
"750","97","99","201","高雄市鹽埕區"
"751","97","99","202","高雄市鼓山區"
"752","97","99","203","高雄市左營區"
"753","97","99","204","高雄市楠梓區"
"754","97","99","205","高雄市三民區"
"755","97","99","206","高雄市新興區"
"756","97","99","207","高雄市前金區"
"757","97","99","208","高雄市苓雅區"
"758","97","99","209","高雄市前鎮區"
"759","97","99","210","高雄市旗津區"
"760","97","99","211","高雄市小港區"
"761","97","99","1101","基隆市中正區"
"762","97","99","1102","基隆市七堵區"
"763","97","99","1103","基隆市暖暖區"
"764","97","99","1104","基隆市仁愛區"
"765","97","99","1105","基隆市中山區"
"766","97","99","1106","基隆市安樂區"
"767","97","99","1107","基隆市信義區"
"768","97","99","1201","新竹市東區"
"769","97","99","1204","新竹市北區"
"770","97","99","1205","新竹市香山區"
"771","97","99","1701","臺中市中區"
"772","97","99","1702","臺中市東區"
"773","97","99","1703","臺中市西區"
"774","97","99","1704","臺中市南區"
"775","97","99","1705","臺中市北區"
"776","97","99","1706","臺中市西屯區"
"777","97","99","1707","臺中市南屯區"
"778","97","99","1708","臺中市北屯區"
"779","97","99","2101","臺南市東區"
"780","97","99","2102","臺南市南區"
"781","97","99","2103","臺南市中西區"
"782","97","99","2104","臺南市北區"
"783","97","99","2106","臺南市安南區"
"784","97","99","2107","臺南市安平區"
"785","97","99","2201","嘉義市東區"
"786","97","99","2202","嘉義市西區"
"787","97","99","3101","臺北縣板橋市"
"788","97","99","3102","臺北縣三重市"
"789","97","99","3103","臺北縣永和市"
"790","97","99","3104","臺北縣中和市"
"791","97","99","3105","臺北縣新店市"
"792","97","99","3106","臺北縣新莊市"
"793","97","99","3107","臺北縣樹林鎮"
"794","97","99","3108","臺北縣鶯歌鎮"
"795","97","99","3109","臺北縣三峽鎮"
"796","97","99","3110","臺北縣淡水鎮"
"797","97","99","3111","臺北縣汐止鎮"
"798","97","99","3112","臺北縣瑞芳鎮"
"799","97","99","3113","臺北縣土城市"
"800","97","99","3114","臺北縣蘆洲市"
"801","97","99","3115","臺北縣五股鄉"
"802","97","99","3116","臺北縣泰山鄉"
"803","97","99","3117","臺北縣林口鄉"
"804","97","99","3118","臺北縣深坑鄉"
"805","97","99","3119","臺北縣石碇鄉"
"806","97","99","3120","臺北縣坪林鄉"
"807","97","99","3121","臺北縣三芝鄉"
"808","97","99","3122","臺北縣石門鄉"
"809","97","99","3123","臺北縣八里鄉"
"810","97","99","3124","臺北縣平溪鄉"
"811","97","99","3125","臺北縣雙溪鄉"
"812","97","99","3126","臺北縣貢寮鄉"
"813","97","99","3127","臺北縣金山鄉"
"814","97","99","3128","臺北縣萬里鄉"
"815","97","99","3129","臺北縣烏來鄉"
"816","97","99","3201","桃園縣桃園市"
"817","97","99","3202","桃園縣中壢市"
"818","97","99","3203","桃園縣大溪鎮"
"819","97","99","3204","桃園縣楊梅鎮"
"820","97","99","3205","桃園縣蘆竹鄉"
"821","97","99","3206","桃園縣大園鄉"
"822","97","99","3207","桃園縣龜山鄉"
"823","97","99","3208","桃園縣八德市"
"824","97","99","3209","桃園縣龍潭鄉"
"825","97","99","3210","桃園縣平鎮市"
"826","97","99","3211","桃園縣新屋鄉"
"827","97","99","3212","桃園縣觀音鄉"
"828","97","99","3213","桃園縣復興鄉"
"829","97","99","3301","新竹縣關西鎮"
"830","97","99","3302","新竹縣新埔鎮"
"831","97","99","3303","新竹縣竹東鎮"
"832","97","99","3305","新竹縣竹北市"
"833","97","99","3306","新竹縣湖口鄉"
"834","97","99","3307","新竹縣橫山鄉"
"835","97","99","3308","新竹縣新豐鄉"
"836","97","99","3309","新竹縣芎林鄉"
"837","97","99","3310","新竹縣寶山鄉"
"838","97","99","3311","新竹縣北埔鄉"
"839","97","99","3312","新竹縣峨眉鄉"
"840","97","99","3313","新竹縣尖石鄉"
"841","97","99","3314","新竹縣五峰鄉"
"842","97","99","3401","宜蘭縣宜蘭市"
"843","97","99","3402","宜蘭縣羅東鎮"
"844","97","99","3403","宜蘭縣蘇澳鎮"
"845","97","99","3404","宜蘭縣頭城鎮"
"846","97","99","3405","宜蘭縣礁溪鄉"
"847","97","99","3406","宜蘭縣壯圍鄉"
"848","97","99","3407","宜蘭縣員山鄉"
"849","97","99","3408","宜蘭縣冬山鄉"
"850","97","99","3409","宜蘭縣五結鄉"
"851","97","99","3410","宜蘭縣三星鄉"
"852","97","99","3411","宜蘭縣大同鄉"
"853","97","99","3412","宜蘭縣南澳鄉"
"854","97","99","3501","苗栗縣苗栗市"
"855","97","99","3502","苗栗縣苑裡鎮"
"856","97","99","3503","苗栗縣通霄鎮"
"857","97","99","3504","苗栗縣竹南鎮"
"858","97","99","3505","苗栗縣頭份鎮"
"859","97","99","3506","苗栗縣後龍鎮"
"860","97","99","3507","苗栗縣卓蘭鎮"
"861","97","99","3508","苗栗縣大湖鄉"
"862","97","99","3509","苗栗縣公館鄉"
"863","97","99","3510","苗栗縣銅鑼鄉"
"864","97","99","3511","苗栗縣南庄鄉"
"865","97","99","3512","苗栗縣頭屋鄉"
"866","97","99","3513","苗栗縣三義鄉"
"867","97","99","3514","苗栗縣西湖鄉"
"868","97","99","3515","苗栗縣造橋鄉"
"869","97","99","3516","苗栗縣三灣鄉"
"870","97","99","3517","苗栗縣獅潭鄉"
"871","97","99","3518","苗栗縣泰安鄉"
"872","97","99","3601","臺中縣豐原市"
"873","97","99","3602","臺中縣東勢鎮"
"874","97","99","3603","臺中縣大甲鎮"
"875","97","99","3604","臺中縣清水鎮"
"876","97","99","3605","臺中縣沙鹿鎮"
"877","97","99","3606","臺中縣梧棲鎮"
"878","97","99","3607","臺中縣后里鄉"
"879","97","99","3608","臺中縣神岡鄉"
"880","97","99","3609","臺中縣潭子鄉"
"881","97","99","3610","臺中縣大雅鄉"
"882","97","99","3611","臺中縣新社鄉"
"883","97","99","3612","臺中縣石岡鄉"
"884","97","99","3613","臺中縣外埔鄉"
"885","97","99","3614","臺中縣大安鄉"
"886","97","99","3615","臺中縣烏日鄉"
"887","97","99","3616","臺中縣大肚鄉"
"888","97","99","3617","臺中縣龍井鄉"
"889","97","99","3618","臺中縣霧峰鄉"
"890","97","99","3619","臺中縣太平市"
"891","97","99","3620","臺中縣大里市"
"892","97","99","3621","臺中縣和平鄉"
"893","97","99","3701","彰化縣彰化市"
"894","97","99","3702","彰化縣鹿港鎮"
"895","97","99","3703","彰化縣和美鎮"
"896","97","99","3704","彰化縣北斗鎮"
"897","97","99","3705","彰化縣員林鎮"
"898","97","99","3706","彰化縣溪湖鎮"
"899","97","99","3707","彰化縣田中鎮"
"900","97","99","3708","彰化縣二林鎮"
"901","97","99","3709","彰化縣線西鄉"
"902","97","99","3710","彰化縣伸港鄉"
"903","97","99","3711","彰化縣福興鄉"
"904","97","99","3712","彰化縣秀水鄉"
"905","97","99","3713","彰化縣花壇鄉"
"906","97","99","3714","彰化縣芬園鄉"
"907","97","99","3715","彰化縣大村鄉"
"908","97","99","3716","彰化縣埔鹽鄉"
"909","97","99","3717","彰化縣埔心鄉"
"910","97","99","3718","彰化縣永靖鄉"
"911","97","99","3719","彰化縣社頭鄉"
"912","97","99","3720","彰化縣二水鄉"
"913","97","99","3721","彰化縣田尾鄉"
"914","97","99","3722","彰化縣埤頭鄉"
"915","97","99","3723","彰化縣芳苑鄉"
"916","97","99","3724","彰化縣大城鄉"
"917","97","99","3725","彰化縣竹塘鄉"
"918","97","99","3726","彰化縣溪州鄉"
"919","97","99","3801","南投縣南投市"
"920","97","99","3802","南投縣埔里鎮"
"921","97","99","3803","南投縣草屯鎮"
"922","97","99","3804","南投縣竹山鎮"
"923","97","99","3805","南投縣集集鎮"
"924","97","99","3806","南投縣名間鄉"
"925","97","99","3807","南投縣鹿谷鄉"
"926","97","99","3808","南投縣中寮鄉"
"927","97","99","3809","南投縣魚池鄉"
"928","97","99","3810","南投縣國姓鄉"
"929","97","99","3811","南投縣水里鄉"
"930","97","99","3812","南投縣信義鄉"
"931","97","99","3813","南投縣仁愛鄉"
"932","97","99","3901","雲林縣斗六市"
"933","97","99","3902","雲林縣斗南鎮"
"934","97","99","3903","雲林縣虎尾鎮"
"935","97","99","3904","雲林縣西螺鎮"
"936","97","99","3905","雲林縣土庫鎮"
"937","97","99","3906","雲林縣北港鎮"
"938","97","99","3907","雲林縣古坑鄉"
"939","97","99","3908","雲林縣大埤鄉"
"940","97","99","3909","雲林縣莿桐鄉"
"941","97","99","3910","雲林縣林內鄉"
"942","97","99","3911","雲林縣二崙鄉"
"943","97","99","3912","雲林縣崙背鄉"
"944","97","99","3913","雲林縣麥寮鄉"
"945","97","99","3914","雲林縣東勢鄉"
"946","97","99","3915","雲林縣褒忠鄉"
"947","97","99","3916","雲林縣臺西鄉"
"948","97","99","3917","雲林縣元長鄉"
"949","97","99","3918","雲林縣四湖鄉"
"950","97","99","3919","雲林縣口湖鄉"
"951","97","99","3920","雲林縣水林鄉"
"952","97","99","4001","嘉義縣朴子市"
"953","97","99","4002","嘉義縣布袋鎮"
"954","97","99","4003","嘉義縣大林鎮"
"955","97","99","4004","嘉義縣民雄鄉"
"956","97","99","4005","嘉義縣溪口鄉"
"957","97","99","4006","嘉義縣新港鄉"
"958","97","99","4007","嘉義縣六腳鄉"
"959","97","99","4008","嘉義縣東石鄉"
"960","97","99","4009","嘉義縣義竹鄉"
"961","97","99","4010","嘉義縣鹿草鄉"
"962","97","99","4011","嘉義縣太保市"
"963","97","99","4012","嘉義縣水上鄉"
"964","97","99","4013","嘉義縣中埔鄉"
"965","97","99","4014","嘉義縣竹崎鄉"
"966","97","99","4015","嘉義縣梅山鄉"
"967","97","99","4016","嘉義縣番路鄉"
"968","97","99","4017","嘉義縣大埔鄉"
"969","97","99","4018","嘉義縣阿里山鄉"
"970","97","99","4101","臺南縣新營市"
"971","97","99","4102","臺南縣鹽水鎮"
"972","97","99","4103","臺南縣白河鎮"
"973","97","99","4104","臺南縣麻豆鎮"
"974","97","99","4105","臺南縣佳里鎮"
"975","97","99","4106","臺南縣新化鎮"
"976","97","99","4107","臺南縣善化鎮"
"977","97","99","4108","臺南縣學甲鎮"
"978","97","99","4109","臺南縣柳營鄉"
"979","97","99","4110","臺南縣後壁鄉"
"980","97","99","4111","臺南縣東山鄉"
"981","97","99","4112","臺南縣下營鄉"
"982","97","99","4113","臺南縣六甲鄉"
"983","97","99","4114","臺南縣官田鄉"
"984","97","99","4115","臺南縣大內鄉"
"985","97","99","4116","臺南縣西港鄉"
"986","97","99","4117","臺南縣七股鄉"
"987","97","99","4118","臺南縣將軍鄉"
"988","97","99","4119","臺南縣北門鄉"
"989","97","99","4120","臺南縣新市鄉"
"990","97","99","4121","臺南縣安定鄉"
"991","97","99","4122","臺南縣山上鄉"
"992","97","99","4123","臺南縣玉井鄉"
"993","97","99","4124","臺南縣楠西鄉"
"994","97","99","4125","臺南縣南化鄉"
"995","97","99","4126","臺南縣左鎮鄉"
"996","97","99","4127","臺南縣仁德鄉"
"997","97","99","4128","臺南縣歸仁鄉"
"998","97","99","4129","臺南縣關廟鄉"
"999","97","99","4130","臺南縣龍崎鄉"
"1000","97","99","4131","臺南縣永康市"
"1001","97","99","4201","高雄縣鳳山市"
"1002","97","99","4202","高雄縣岡山鎮"
"1003","97","99","4203","高雄縣旗山鎮"
"1004","97","99","4204","高雄縣美濃鎮"
"1005","97","99","4205","高雄縣林園鄉"
"1006","97","99","4206","高雄縣大寮鄉"
"1007","97","99","4207","高雄縣大樹鄉"
"1008","97","99","4208","高雄縣仁武鄉"
"1009","97","99","4209","高雄縣大社鄉"
"1010","97","99","4210","高雄縣鳥松鄉"
"1011","97","99","4211","高雄縣橋頭鄉"
"1012","97","99","4212","高雄縣燕巢鄉"
"1013","97","99","4213","高雄縣田寮鄉"
"1014","97","99","4214","高雄縣阿蓮鄉"
"1015","97","99","4215","高雄縣路竹鄉"
"1016","97","99","4216","高雄縣湖內鄉"
"1017","97","99","4217","高雄縣茄萣鄉"
"1018","97","99","4218","高雄縣永安鄉"
"1019","97","99","4219","高雄縣彌陀鄉"
"1020","97","99","4220","高雄縣梓官鄉"
"1021","97","99","4221","高雄縣六龜鄉"
"1022","97","99","4222","高雄縣甲仙鄉"
"1023","97","99","4223","高雄縣杉林鄉"
"1024","97","99","4224","高雄縣內門鄉"
"1025","97","99","4225","高雄縣茂林鄉"
"1026","97","99","4226","高雄縣桃源鄉"
"1027","97","99","4227","高雄縣那瑪夏鄉"
"1028","97","99","4301","屏東縣屏東市"
"1029","97","99","4302","屏東縣潮州鎮"
"1030","97","99","4303","屏東縣東港鎮"
"1031","97","99","4304","屏東縣恆春鎮"
"1032","97","99","4305","屏東縣萬丹鄉"
"1033","97","99","4306","屏東縣長治鄉"
"1034","97","99","4307","屏東縣麟洛鄉"
"1035","97","99","4308","屏東縣九如鄉"
"1036","97","99","4309","屏東縣里港鄉"
"1037","97","99","4310","屏東縣鹽埔鄉"
"1038","97","99","4311","屏東縣高樹鄉"
"1039","97","99","4312","屏東縣萬巒鄉"
"1040","97","99","4313","屏東縣內埔鄉"
"1041","97","99","4314","屏東縣竹田鄉"
"1042","97","99","4315","屏東縣新埤鄉"
"1043","97","99","4316","屏東縣枋寮鄉"
"1044","97","99","4317","屏東縣新園鄉"
"1045","97","99","4318","屏東縣崁頂鄉"
"1046","97","99","4319","屏東縣林邊鄉"
"1047","97","99","4320","屏東縣南州鄉"
"1048","97","99","4321","屏東縣佳冬鄉"
"1049","97","99","4322","屏東縣琉球鄉"
"1050","97","99","4323","屏東縣車城鄉"
"1051","97","99","4324","屏東縣滿州鄉"
"1052","97","99","4325","屏東縣枋山鄉"
"1053","97","99","4326","屏東縣三地門鄉"
"1054","97","99","4327","屏東縣霧臺鄉"
"1055","97","99","4328","屏東縣瑪家鄉"
"1056","97","99","4329","屏東縣泰武鄉"
"1057","97","99","4330","屏東縣來義鄉"
"1058","97","99","4331","屏東縣春日鄉"
"1059","97","99","4332","屏東縣獅子鄉"
"1060","97","99","4333","屏東縣牡丹鄉"
"1061","97","99","4401","澎湖縣馬公市"
"1062","97","99","4402","澎湖縣湖西鄉"
"1063","97","99","4403","澎湖縣白沙鄉"
"1064","97","99","4404","澎湖縣西嶼鄉"
"1065","97","99","4405","澎湖縣望安鄉"
"1066","97","99","4406","澎湖縣七美鄉"
"1067","97","99","4501","花蓮縣花蓮市"
"1068","97","99","4502","花蓮縣鳳林鎮"
"1069","97","99","4503","花蓮縣玉里鎮"
"1070","97","99","4504","花蓮縣新城鄉"
"1071","97","99","4505","花蓮縣吉安鄉"
"1072","97","99","4506","花蓮縣壽豐鄉"
"1073","97","99","4507","花蓮縣光復鄉"
"1074","97","99","4508","花蓮縣豐濱鄉"
"1075","97","99","4509","花蓮縣瑞穗鄉"
"1076","97","99","4510","花蓮縣富里鄉"
"1077","97","99","4511","花蓮縣秀林鄉"
"1078","97","99","4512","花蓮縣萬榮鄉"
"1079","97","99","4513","花蓮縣卓溪鄉"
"1080","97","99","4601","臺東縣臺東市"
"1081","97","99","4602","臺東縣成功鎮"
"1082","97","99","4603","臺東縣關山鎮"
"1083","97","99","4604","臺東縣卑南鄉"
"1084","97","99","4605","臺東縣大武鄉"
"1085","97","99","4606","臺東縣太麻里鄉"
"1086","97","99","4607","臺東縣東河鄉"
"1087","97","99","4608","臺東縣長濱鄉"
"1088","97","99","4609","臺東縣鹿野鄉"
"1089","97","99","4610","臺東縣池上鄉"
"1090","97","99","4611","臺東縣綠島鄉"
"1091","97","99","4612","臺東縣延平鄉"
"1092","97","99","4613","臺東縣海端鄉"
"1093","97","99","4614","臺東縣達仁鄉"
"1094","97","99","4615","臺東縣金峰鄉"
"1095","97","99","4616","臺東縣蘭嶼鄉"
"1096","97","99","9001","金門縣金城鎮"
"1097","97","99","9002","金門縣金沙鎮"
"1098","97","99","9003","金門縣金湖鎮"
"1099","97","99","9004","金門縣金寧鎮"
"1100","97","99","9005","金門縣烈嶼鄉"
"1101","97","99","9006","金門縣烏坵鄉"
"1102","97","99","9101","連江縣南竿鄉"
"1103","97","99","9102","連江縣北竿鄉"
"1104","97","99","9103","連江縣莒光鄉"
"1105","97","99","9104","連江縣東引鄉"
"1106","100","103","101","臺北市松山區"
"1107","100","103","102","臺北市大安區"
"1108","100","103","109","臺北市大同區"
"1109","100","103","110","臺北市中山區"
"1110","100","103","111","臺北市內湖區"
"1111","100","103","112","臺北市南港區"
"1112","100","103","115","臺北市士林區"
"1113","100","103","116","臺北市北投區"
"1114","100","103","117","臺北市信義區"
"1115","100","103","118","臺北市中正區"
"1116","100","103","119","臺北市萬華區"
"1117","100","103","120","臺北市文山區"
"1118","100","103","301","臺中市豐原區"
"1119","100","103","302","臺中市東勢區"
"1120","100","103","303","臺中市大甲區"
"1121","100","103","304","臺中市清水區"
"1122","100","103","305","臺中市沙鹿區"
"1123","100","103","306","臺中市梧棲區"
"1124","100","103","307","臺中市后里區"
"1125","100","103","308","臺中市神岡區"
"1126","100","103","309","臺中市潭子區"
"1127","100","103","310","臺中市大雅區"
"1128","100","103","311","臺中市新社區"
"1129","100","103","312","臺中市石岡區"
"1130","100","103","313","臺中市外埔區"
"1131","100","103","314","臺中市大安區"
"1132","100","103","315","臺中市烏日區"
"1133","100","103","316","臺中市大肚區"
"1134","100","103","317","臺中市龍井區"
"1135","100","103","318","臺中市霧峰區"
"1136","100","103","319","臺中市太平區"
"1137","100","103","320","臺中市大里區"
"1138","100","103","321","臺中市和平區"
"1139","100","103","322","臺中市中區"
"1140","100","103","323","臺中市東區"
"1141","100","103","324","臺中市西區"
"1142","100","103","325","臺中市南區"
"1143","100","103","326","臺中市北區"
"1144","100","103","327","臺中市西屯區"
"1145","100","103","328","臺中市南屯區"
"1146","100","103","329","臺中市北屯區"
"1147","100","103","501","臺南市新營區"
"1148","100","103","502","臺南市鹽水區"
"1149","100","103","503","臺南市白河區"
"1150","100","103","504","臺南市麻豆區"
"1151","100","103","505","臺南市佳里區"
"1152","100","103","506","臺南市新化區"
"1153","100","103","507","臺南市善化區"
"1154","100","103","508","臺南市學甲區"
"1155","100","103","509","臺南市柳營區"
"1156","100","103","510","臺南市後壁區"
"1157","100","103","511","臺南市東山區"
"1158","100","103","512","臺南市下營區"
"1159","100","103","513","臺南市六甲區"
"1160","100","103","514","臺南市官田區"
"1161","100","103","515","臺南市大內區"
"1162","100","103","516","臺南市西港區"
"1163","100","103","517","臺南市七股區"
"1164","100","103","518","臺南市將軍區"
"1165","100","103","519","臺南市北門區"
"1166","100","103","520","臺南市新市區"
"1167","100","103","521","臺南市安定區"
"1168","100","103","522","臺南市山上區"
"1169","100","103","523","臺南市玉井區"
"1170","100","103","524","臺南市楠西區"
"1171","100","103","525","臺南市南化區"
"1172","100","103","526","臺南市左鎮區"
"1173","100","103","527","臺南市仁德區"
"1174","100","103","528","臺南市歸仁區"
"1175","100","103","529","臺南市關廟區"
"1176","100","103","530","臺南市龍崎區"
"1177","100","103","531","臺南市永康區"
"1178","100","103","532","臺南市東區"
"1179","100","103","533","臺南市南區"
"1180","100","103","534","臺南市中西區"
"1181","100","103","535","臺南市北區"
"1182","100","103","537","臺南市安南區"
"1183","100","103","538","臺南市安平區"
"1184","100","103","701","高雄市鳳山區"
"1185","100","103","702","高雄市岡山區"
"1186","100","103","703","高雄市旗山區"
"1187","100","103","704","高雄市美濃區"
"1188","100","103","705","高雄市林園區"
"1189","100","103","706","高雄市大寮區"
"1190","100","103","707","高雄市大樹區"
"1191","100","103","708","高雄市仁武區"
"1192","100","103","709","高雄市大社區"
"1193","100","103","710","高雄市鳥松區"
"1194","100","103","711","高雄市橋頭區"
"1195","100","103","712","高雄市燕巢區"
"1196","100","103","713","高雄市田寮區"
"1197","100","103","714","高雄市阿蓮區"
"1198","100","103","715","高雄市路竹區"
"1199","100","103","716","高雄市湖內區"
"1200","100","103","717","高雄市茄萣區"
"1201","100","103","718","高雄市永安區"
"1202","100","103","719","高雄市彌陀區"
"1203","100","103","720","高雄市梓官區"
"1204","100","103","721","高雄市六龜區"
"1205","100","103","722","高雄市甲仙區"
"1206","100","103","723","高雄市杉林區"
"1207","100","103","724","高雄市內門區"
"1208","100","103","725","高雄市茂林區"
"1209","100","103","726","高雄市桃源區"
"1210","100","103","727","高雄市那瑪夏區"
"1211","100","103","728","高雄市鹽埕區"
"1212","100","103","729","高雄市鼓山區"
"1213","100","103","730","高雄市左營區"
"1214","100","103","731","高雄市楠梓區"
"1215","100","103","732","高雄市三民區"
"1216","100","103","733","高雄市新興區"
"1217","100","103","734","高雄市前金區"
"1218","100","103","735","高雄市苓雅區"
"1219","100","103","736","高雄市前鎮區"
"1220","100","103","737","高雄市旗津區"
"1221","100","103","738","高雄市小港區"
"1222","100","103","1101","基隆市中正區"
"1223","100","103","1102","基隆市七堵區"
"1224","100","103","1103","基隆市暖暖區"
"1225","100","103","1104","基隆市仁愛區"
"1226","100","103","1105","基隆市中山區"
"1227","100","103","1106","基隆市安樂區"
"1228","100","103","1107","基隆市信義區"
"1229","100","103","1201","新竹市東區"
"1230","100","103","1204","新竹市北區"
"1231","100","103","1205","新竹市香山區"
"1232","100","103","2201","嘉義市東區"
"1233","100","103","2202","嘉義市西區"
"1234","100","103","3101","新北市板橋區"
"1235","100","103","3102","新北市三重區"
"1236","100","103","3103","新北市永和區"
"1237","100","103","3104","新北市中和區"
"1238","100","103","3105","新北市新店區"
"1239","100","103","3106","新北市新莊區"
"1240","100","103","3107","新北市樹林區"
"1241","100","103","3108","新北市鶯歌區"
"1242","100","103","3109","新北市三峽區"
"1243","100","103","3110","新北市淡水區"
"1244","100","103","3111","新北市汐止區"
"1245","100","103","3112","新北市瑞芳區"
"1246","100","103","3113","新北市土城區"
"1247","100","103","3114","新北市蘆洲區"
"1248","100","103","3115","新北市五股區"
"1249","100","103","3116","新北市泰山區"
"1250","100","103","3117","新北市林口區"
"1251","100","103","3118","新北市深坑區"
"1252","100","103","3119","新北市石碇區"
"1253","100","103","3120","新北市坪林區"
"1254","100","103","3121","新北市三芝區"
"1255","100","103","3122","新北市石門區"
"1256","100","103","3123","新北市八里區"
"1257","100","103","3124","新北市平溪區"
"1258","100","103","3125","新北市雙溪區"
"1259","100","103","3126","新北市貢寮區"
"1260","100","103","3127","新北市金山區"
"1261","100","103","3128","新北市萬里區"
"1262","100","103","3129","新北市烏來區"
"1263","100","103","3201","桃園縣桃園市"
"1264","100","103","3202","桃園縣中壢市"
"1265","100","103","3203","桃園縣大溪鎮"
"1266","100","103","3204","桃園縣楊梅市"
"1267","100","103","3205","桃園縣蘆竹鄉"
"1268","100","103","3206","桃園縣大園鄉"
"1269","100","103","3207","桃園縣龜山鄉"
"1270","100","103","3208","桃園縣八德市"
"1271","100","103","3209","桃園縣龍潭鄉"
"1272","100","103","3210","桃園縣平鎮市"
"1273","100","103","3211","桃園縣新屋鄉"
"1274","100","103","3212","桃園縣觀音鄉"
"1275","100","103","3213","桃園縣復興鄉"
"1276","100","103","3301","新竹縣關西鎮"
"1277","100","103","3302","新竹縣新埔鎮"
"1278","100","103","3303","新竹縣竹東鎮"
"1279","100","103","3305","新竹縣竹北市"
"1280","100","103","3306","新竹縣湖口鄉"
"1281","100","103","3307","新竹縣橫山鄉"
"1282","100","103","3308","新竹縣新豐鄉"
"1283","100","103","3309","新竹縣芎林鄉"
"1284","100","103","3310","新竹縣寶山鄉"
"1285","100","103","3311","新竹縣北埔鄉"
"1286","100","103","3312","新竹縣峨眉鄉"
"1287","100","103","3313","新竹縣尖石鄉"
"1288","100","103","3314","新竹縣五峰鄉"
"1289","100","103","3401","宜蘭縣宜蘭市"
"1290","100","103","3402","宜蘭縣羅東鎮"
"1291","100","103","3403","宜蘭縣蘇澳鎮"
"1292","100","103","3404","宜蘭縣頭城鎮"
"1293","100","103","3405","宜蘭縣礁溪鄉"
"1294","100","103","3406","宜蘭縣壯圍鄉"
"1295","100","103","3407","宜蘭縣員山鄉"
"1296","100","103","3408","宜蘭縣冬山鄉"
"1297","100","103","3409","宜蘭縣五結鄉"
"1298","100","103","3410","宜蘭縣三星鄉"
"1299","100","103","3411","宜蘭縣大同鄉"
"1300","100","103","3412","宜蘭縣南澳鄉"
"1301","100","103","3501","苗栗縣苗栗市"
"1302","100","103","3502","苗栗縣苑裡鎮"
"1303","100","103","3503","苗栗縣通霄鎮"
"1304","100","103","3504","苗栗縣竹南鎮"
"1305","100","103","3505","苗栗縣頭份鎮"
"1306","100","103","3506","苗栗縣後龍鎮"
"1307","100","103","3507","苗栗縣卓蘭鎮"
"1308","100","103","3508","苗栗縣大湖鄉"
"1309","100","103","3509","苗栗縣公館鄉"
"1310","100","103","3510","苗栗縣銅鑼鄉"
"1311","100","103","3511","苗栗縣南庄鄉"
"1312","100","103","3512","苗栗縣頭屋鄉"
"1313","100","103","3513","苗栗縣三義鄉"
"1314","100","103","3514","苗栗縣西湖鄉"
"1315","100","103","3515","苗栗縣造橋鄉"
"1316","100","103","3516","苗栗縣三灣鄉"
"1317","100","103","3517","苗栗縣獅潭鄉"
"1318","100","103","3518","苗栗縣泰安鄉"
"1319","100","103","3701","彰化縣彰化市"
"1320","100","103","3702","彰化縣鹿港鎮"
"1321","100","103","3703","彰化縣和美鎮"
"1322","100","103","3704","彰化縣北斗鎮"
"1323","100","103","3705","彰化縣員林鎮"
"1324","100","103","3706","彰化縣溪湖鎮"
"1325","100","103","3707","彰化縣田中鎮"
"1326","100","103","3708","彰化縣二林鎮"
"1327","100","103","3709","彰化縣線西鄉"
"1328","100","103","3710","彰化縣伸港鄉"
"1329","100","103","3711","彰化縣福興鄉"
"1330","100","103","3712","彰化縣秀水鄉"
"1331","100","103","3713","彰化縣花壇鄉"
"1332","100","103","3714","彰化縣芬園鄉"
"1333","100","103","3715","彰化縣大村鄉"
"1334","100","103","3716","彰化縣埔鹽鄉"
"1335","100","103","3717","彰化縣埔心鄉"
"1336","100","103","3718","彰化縣永靖鄉"
"1337","100","103","3719","彰化縣社頭鄉"
"1338","100","103","3720","彰化縣二水鄉"
"1339","100","103","3721","彰化縣田尾鄉"
"1340","100","103","3722","彰化縣埤頭鄉"
"1341","100","103","3723","彰化縣芳苑鄉"
"1342","100","103","3724","彰化縣大城鄉"
"1343","100","103","3725","彰化縣竹塘鄉"
"1344","100","103","3726","彰化縣溪州鄉"
"1345","100","103","3801","南投縣南投市"
"1346","100","103","3802","南投縣埔里鎮"
"1347","100","103","3803","南投縣草屯鎮"
"1348","100","103","3804","南投縣竹山鎮"
"1349","100","103","3805","南投縣集集鎮"
"1350","100","103","3806","南投縣名間鄉"
"1351","100","103","3807","南投縣鹿谷鄉"
"1352","100","103","3808","南投縣中寮鄉"
"1353","100","103","3809","南投縣魚池鄉"
"1354","100","103","3810","南投縣國姓鄉"
"1355","100","103","3811","南投縣水里鄉"
"1356","100","103","3812","南投縣信義鄉"
"1357","100","103","3813","南投縣仁愛鄉"
"1358","100","103","3901","雲林縣斗六市"
"1359","100","103","3902","雲林縣斗南鎮"
"1360","100","103","3903","雲林縣虎尾鎮"
"1361","100","103","3904","雲林縣西螺鎮"
"1362","100","103","3905","雲林縣土庫鎮"
"1363","100","103","3906","雲林縣北港鎮"
"1364","100","103","3907","雲林縣古坑鄉"
"1365","100","103","3908","雲林縣大埤鄉"
"1366","100","103","3909","雲林縣莿桐鄉"
"1367","100","103","3910","雲林縣林內鄉"
"1368","100","103","3911","雲林縣二崙鄉"
"1369","100","103","3912","雲林縣崙背鄉"
"1370","100","103","3913","雲林縣麥寮鄉"
"1371","100","103","3914","雲林縣東勢鄉"
"1372","100","103","3915","雲林縣褒忠鄉"
"1373","100","103","3916","雲林縣臺西鄉"
"1374","100","103","3917","雲林縣元長鄉"
"1375","100","103","3918","雲林縣四湖鄉"
"1376","100","103","3919","雲林縣口湖鄉"
"1377","100","103","3920","雲林縣水林鄉"
"1378","100","103","4001","嘉義縣朴子市"
"1379","100","103","4002","嘉義縣布袋鎮"
"1380","100","103","4003","嘉義縣大林鎮"
"1381","100","103","4004","嘉義縣民雄鄉"
"1382","100","103","4005","嘉義縣溪口鄉"
"1383","100","103","4006","嘉義縣新港鄉"
"1384","100","103","4007","嘉義縣六腳鄉"
"1385","100","103","4008","嘉義縣東石鄉"
"1386","100","103","4009","嘉義縣義竹鄉"
"1387","100","103","4010","嘉義縣鹿草鄉"
"1388","100","103","4011","嘉義縣太保市"
"1389","100","103","4012","嘉義縣水上鄉"
"1390","100","103","4013","嘉義縣中埔鄉"
"1391","100","103","4014","嘉義縣竹崎鄉"
"1392","100","103","4015","嘉義縣梅山鄉"
"1393","100","103","4016","嘉義縣番路鄉"
"1394","100","103","4017","嘉義縣大埔鄉"
"1395","100","103","4018","嘉義縣阿里山鄉"
"1396","100","103","4301","屏東縣屏東市"
"1397","100","103","4302","屏東縣潮州鎮"
"1398","100","103","4303","屏東縣東港鎮"
"1399","100","103","4304","屏東縣恆春鎮"
"1400","100","103","4305","屏東縣萬丹鄉"
"1401","100","103","4306","屏東縣長治鄉"
"1402","100","103","4307","屏東縣麟洛鄉"
"1403","100","103","4308","屏東縣九如鄉"
"1404","100","103","4309","屏東縣里港鄉"
"1405","100","103","4310","屏東縣鹽埔鄉"
"1406","100","103","4311","屏東縣高樹鄉"
"1407","100","103","4312","屏東縣萬巒鄉"
"1408","100","103","4313","屏東縣內埔鄉"
"1409","100","103","4314","屏東縣竹田鄉"
"1410","100","103","4315","屏東縣新埤鄉"
"1411","100","103","4316","屏東縣枋寮鄉"
"1412","100","103","4317","屏東縣新園鄉"
"1413","100","103","4318","屏東縣崁頂鄉"
"1414","100","103","4319","屏東縣林邊鄉"
"1415","100","103","4320","屏東縣南州鄉"
"1416","100","103","4321","屏東縣佳冬鄉"
"1417","100","103","4322","屏東縣琉球鄉"
"1418","100","103","4323","屏東縣車城鄉"
"1419","100","103","4324","屏東縣滿州鄉"
"1420","100","103","4325","屏東縣枋山鄉"
"1421","100","103","4326","屏東縣三地門鄉"
"1422","100","103","4327","屏東縣霧臺鄉"
"1423","100","103","4328","屏東縣瑪家鄉"
"1424","100","103","4329","屏東縣泰武鄉"
"1425","100","103","4330","屏東縣來義鄉"
"1426","100","103","4331","屏東縣春日鄉"
"1427","100","103","4332","屏東縣獅子鄉"
"1428","100","103","4333","屏東縣牡丹鄉"
"1429","100","103","4401","澎湖縣馬公市"
"1430","100","103","4402","澎湖縣湖西鄉"
"1431","100","103","4403","澎湖縣白沙鄉"
"1432","100","103","4404","澎湖縣西嶼鄉"
"1433","100","103","4405","澎湖縣望安鄉"
"1434","100","103","4406","澎湖縣七美鄉"
"1435","100","103","4501","花蓮縣花蓮市"
"1436","100","103","4502","花蓮縣鳳林鎮"
"1437","100","103","4503","花蓮縣玉里鎮"
"1438","100","103","4504","花蓮縣新城鄉"
"1439","100","103","4505","花蓮縣吉安鄉"
"1440","100","103","4506","花蓮縣壽豐鄉"
"1441","100","103","4507","花蓮縣光復鄉"
"1442","100","103","4508","花蓮縣豐濱鄉"
"1443","100","103","4509","花蓮縣瑞穗鄉"
"1444","100","103","4510","花蓮縣富里鄉"
"1445","100","103","4511","花蓮縣秀林鄉"
"1446","100","103","4512","花蓮縣萬榮鄉"
"1447","100","103","4513","花蓮縣卓溪鄉"
"1448","100","103","4601","臺東縣臺東市"
"1449","100","103","4602","臺東縣成功鎮"
"1450","100","103","4603","臺東縣關山鎮"
"1451","100","103","4604","臺東縣卑南鄉"
"1452","100","103","4605","臺東縣大武鄉"
"1453","100","103","4606","臺東縣太麻里鄉"
"1454","100","103","4607","臺東縣東河鄉"
"1455","100","103","4608","臺東縣長濱鄉"
"1456","100","103","4609","臺東縣鹿野鄉"
"1457","100","103","4610","臺東縣池上鄉"
"1458","100","103","4611","臺東縣綠島鄉"
"1459","100","103","4612","臺東縣延平鄉"
"1460","100","103","4613","臺東縣海端鄉"
"1461","100","103","4614","臺東縣達仁鄉"
"1462","100","103","4615","臺東縣金峰鄉"
"1463","100","103","4616","臺東縣蘭嶼鄉"
"1464","100","103","9001","金門縣金城鎮"
"1465","100","103","9002","金門縣金沙鎮"
"1466","100","103","9003","金門縣金湖鎮"
"1467","100","103","9004","金門縣金寧鄉"
"1468","100","103","9005","金門縣烈嶼鄉"
"1469","100","103","9006","金門縣烏坵鄉"
"1470","100","103","9101","連江縣南竿鄉"
"1471","100","103","9102","連江縣北竿鄉"
"1472","100","103","9103","連江縣莒光鄉"
"1473","100","103","9104","連江縣東引鄉"
"1474","104",,"101","臺北市松山區"
"1475","104",,"102","臺北市大安區"
"1476","104",,"109","臺北市大同區"
"1477","104",,"110","臺北市中山區"
"1478","104",,"111","臺北市內湖區"
"1479","104",,"112","臺北市南港區"
"1480","104",,"115","臺北市士林區"
"1481","104",,"116","臺北市北投區"
"1482","104",,"117","臺北市信義區"
"1483","104",,"118","臺北市中正區"
"1484","104",,"119","臺北市萬華區"
"1485","104",,"120","臺北市文山區"
"1486","104",,"301","臺中市豐原區"
"1487","104",,"302","臺中市東勢區"
"1488","104",,"303","臺中市大甲區"
"1489","104",,"304","臺中市清水區"
"1490","104",,"305","臺中市沙鹿區"
"1491","104",,"306","臺中市梧棲區"
"1492","104",,"307","臺中市后里區"
"1493","104",,"308","臺中市神岡區"
"1494","104",,"309","臺中市潭子區"
"1495","104",,"310","臺中市大雅區"
"1496","104",,"311","臺中市新社區"
"1497","104",,"312","臺中市石岡區"
"1498","104",,"313","臺中市外埔區"
"1499","104",,"314","臺中市大安區"
"1500","104",,"315","臺中市烏日區"
"1501","104",,"316","臺中市大肚區"
"1502","104",,"317","臺中市龍井區"
"1503","104",,"318","臺中市霧峰區"
"1504","104",,"319","臺中市太平區"
"1505","104",,"320","臺中市大里區"
"1506","104",,"321","臺中市和平區"
"1507","104",,"322","臺中市中區"
"1508","104",,"323","臺中市東區"
"1509","104",,"324","臺中市西區"
"1510","104",,"325","臺中市南區"
"1511","104",,"326","臺中市北區"
"1512","104",,"327","臺中市西屯區"
"1513","104",,"328","臺中市南屯區"
"1514","104",,"329","臺中市北屯區"
"1515","104",,"501","臺南市新營區"
"1516","104",,"502","臺南市鹽水區"
"1517","104",,"503","臺南市白河區"
"1518","104",,"504","臺南市麻豆區"
"1519","104",,"505","臺南市佳里區"
"1520","104",,"506","臺南市新化區"
"1521","104",,"507","臺南市善化區"
"1522","104",,"508","臺南市學甲區"
"1523","104",,"509","臺南市柳營區"
"1524","104",,"510","臺南市後壁區"
"1525","104",,"511","臺南市東山區"
"1526","104",,"512","臺南市下營區"
"1527","104",,"513","臺南市六甲區"
"1528","104",,"514","臺南市官田區"
"1529","104",,"515","臺南市大內區"
"1530","104",,"516","臺南市西港區"
"1531","104",,"517","臺南市七股區"
"1532","104",,"518","臺南市將軍區"
"1533","104",,"519","臺南市北門區"
"1534","104",,"520","臺南市新市區"
"1535","104",,"521","臺南市安定區"
"1536","104",,"522","臺南市山上區"
"1537","104",,"523","臺南市玉井區"
"1538","104",,"524","臺南市楠西區"
"1539","104",,"525","臺南市南化區"
"1540","104",,"526","臺南市左鎮區"
"1541","104",,"527","臺南市仁德區"
"1542","104",,"528","臺南市歸仁區"
"1543","104",,"529","臺南市關廟區"
"1544","104",,"530","臺南市龍崎區"
"1545","104",,"531","臺南市永康區"
"1546","104",,"532","臺南市東區"
"1547","104",,"533","臺南市南區"
"1548","104",,"534","臺南市中西區"
"1549","104",,"535","臺南市北區"
"1550","104",,"537","臺南市安南區"
"1551","104",,"538","臺南市安平區"
"1552","104",,"701","高雄市鳳山區"
"1553","104",,"702","高雄市岡山區"
"1554","104",,"703","高雄市旗山區"
"1555","104",,"704","高雄市美濃區"
"1556","104",,"705","高雄市林園區"
"1557","104",,"706","高雄市大寮區"
"1558","104",,"707","高雄市大樹區"
"1559","104",,"708","高雄市仁武區"
"1560","104",,"709","高雄市大社區"
"1561","104",,"710","高雄市鳥松區"
"1562","104",,"711","高雄市橋頭區"
"1563","104",,"712","高雄市燕巢區"
"1564","104",,"713","高雄市田寮區"
"1565","104",,"714","高雄市阿蓮區"
"1566","104",,"715","高雄市路竹區"
"1567","104",,"716","高雄市湖內區"
"1568","104",,"717","高雄市茄萣區"
"1569","104",,"718","高雄市永安區"
"1570","104",,"719","高雄市彌陀區"
"1571","104",,"720","高雄市梓官區"
"1572","104",,"721","高雄市六龜區"
"1573","104",,"722","高雄市甲仙區"
"1574","104",,"723","高雄市杉林區"
"1575","104",,"724","高雄市內門區"
"1576","104",,"725","高雄市茂林區"
"1577","104",,"726","高雄市桃源區"
"1578","104",,"727","高雄市那瑪夏區"
"1579","104",,"728","高雄市鹽埕區"
"1580","104",,"729","高雄市鼓山區"
"1581","104",,"730","高雄市左營區"
"1582","104",,"731","高雄市楠梓區"
"1583","104",,"732","高雄市三民區"
"1584","104",,"733","高雄市新興區"
"1585","104",,"734","高雄市前金區"
"1586","104",,"735","高雄市苓雅區"
"1587","104",,"736","高雄市前鎮區"
"1588","104",,"737","高雄市旗津區"
"1589","104",,"738","高雄市小港區"
"1590","104",,"1101","基隆市中正區"
"1591","104",,"1102","基隆市七堵區"
"1592","104",,"1103","基隆市暖暖區"
"1593","104",,"1104","基隆市仁愛區"
"1594","104",,"1105","基隆市中山區"
"1595","104",,"1106","基隆市安樂區"
"1596","104",,"1107","基隆市信義區"
"1597","104",,"1201","新竹市東區"
"1598","104",,"1204","新竹市北區"
"1599","104",,"1205","新竹市香山區"
"1600","104",,"2201","嘉義市東區"
"1601","104",,"2202","嘉義市西區"
"1602","104",,"3101","新北市板橋區"
"1603","104",,"3102","新北市三重區"
"1604","104",,"3103","新北市永和區"
"1605","104",,"3104","新北市中和區"
"1606","104",,"3105","新北市新店區"
"1607","104",,"3106","新北市新莊區"
"1608","104",,"3107","新北市樹林區"
"1609","104",,"3108","新北市鶯歌區"
"1610","104",,"3109","新北市三峽區"
"1611","104",,"3110","新北市淡水區"
"1612","104",,"3111","新北市汐止區"
"1613","104",,"3112","新北市瑞芳區"
"1614","104",,"3113","新北市土城區"
"1615","104",,"3114","新北市蘆洲區"
"1616","104",,"3115","新北市五股區"
"1617","104",,"3116","新北市泰山區"
"1618","104",,"3117","新北市林口區"
"1619","104",,"3118","新北市深坑區"
"1620","104",,"3119","新北市石碇區"
"1621","104",,"3120","新北市坪林區"
"1622","104",,"3121","新北市三芝區"
"1623","104",,"3122","新北市石門區"
"1624","104",,"3123","新北市八里區"
"1625","104",,"3124","新北市平溪區"
"1626","104",,"3125","新北市雙溪區"
"1627","104",,"3126","新北市貢寮區"
"1628","104",,"3127","新北市金山區"
"1629","104",,"3128","新北市萬里區"
"1630","104",,"3129","新北市烏來區"
"1631","104",,"3201","桃園市桃園區"
"1632","104",,"3202","桃園市中壢區"
"1633","104",,"3203","桃園市大溪區"
"1634","104",,"3204","桃園市楊梅區"
"1635","104",,"3205","桃園市蘆竹區"
"1636","104",,"3206","桃園市大園區"
"1637","104",,"3207","桃園市龜山區"
"1638","104",,"3208","桃園市八德區"
"1639","104",,"3209","桃園市龍潭區"
"1640","104",,"3210","桃園市平鎮區"
"1641","104",,"3211","桃園市新屋區"
"1642","104",,"3212","桃園市觀音區"
"1643","104",,"3213","桃園市復興區"
"1644","104",,"3301","新竹縣關西鎮"
"1645","104",,"3302","新竹縣新埔鎮"
"1646","104",,"3303","新竹縣竹東鎮"
"1647","104",,"3305","新竹縣竹北市"
"1648","104",,"3306","新竹縣湖口鄉"
"1649","104",,"3307","新竹縣橫山鄉"
"1650","104",,"3308","新竹縣新豐鄉"
"1651","104",,"3309","新竹縣芎林鄉"
"1652","104",,"3310","新竹縣寶山鄉"
"1653","104",,"3311","新竹縣北埔鄉"
"1654","104",,"3312","新竹縣峨眉鄉"
"1655","104",,"3313","新竹縣尖石鄉"
"1656","104",,"3314","新竹縣五峰鄉"
"1657","104",,"3401","宜蘭縣宜蘭市"
"1658","104",,"3402","宜蘭縣羅東鎮"
"1659","104",,"3403","宜蘭縣蘇澳鎮"
"1660","104",,"3404","宜蘭縣頭城鎮"
"1661","104",,"3405","宜蘭縣礁溪鄉"
"1662","104",,"3406","宜蘭縣壯圍鄉"
"1663","104",,"3407","宜蘭縣員山鄉"
"1664","104",,"3408","宜蘭縣冬山鄉"
"1665","104",,"3409","宜蘭縣五結鄉"
"1666","104",,"3410","宜蘭縣三星鄉"
"1667","104",,"3411","宜蘭縣大同鄉"
"1668","104",,"3412","宜蘭縣南澳鄉"
"1669","104",,"3501","苗栗縣苗栗市"
"1670","104",,"3502","苗栗縣苑裡鎮"
"1671","104",,"3503","苗栗縣通霄鎮"
"1672","104",,"3504","苗栗縣竹南鎮"
"1673","104",,"3505","苗栗縣頭份市"
"1674","104",,"3506","苗栗縣後龍鎮"
"1675","104",,"3507","苗栗縣卓蘭鎮"
"1676","104",,"3508","苗栗縣大湖鄉"
"1677","104",,"3509","苗栗縣公館鄉"
"1678","104",,"3510","苗栗縣銅鑼鄉"
"1679","104",,"3511","苗栗縣南庄鄉"
"1680","104",,"3512","苗栗縣頭屋鄉"
"1681","104",,"3513","苗栗縣三義鄉"
"1682","104",,"3514","苗栗縣西湖鄉"
"1683","104",,"3515","苗栗縣造橋鄉"
"1684","104",,"3516","苗栗縣三灣鄉"
"1685","104",,"3517","苗栗縣獅潭鄉"
"1686","104",,"3518","苗栗縣泰安鄉"
"1687","104",,"3701","彰化縣彰化市"
"1688","104",,"3702","彰化縣鹿港鎮"
"1689","104",,"3703","彰化縣和美鎮"
"1690","104",,"3704","彰化縣北斗鎮"
"1691","104",,"3705","彰化縣員林市"
"1692","104",,"3706","彰化縣溪湖鎮"
"1693","104",,"3707","彰化縣田中鎮"
"1694","104",,"3708","彰化縣二林鎮"
"1695","104",,"3709","彰化縣線西鄉"
"1696","104",,"3710","彰化縣伸港鄉"
"1697","104",,"3711","彰化縣福興鄉"
"1698","104",,"3712","彰化縣秀水鄉"
"1699","104",,"3713","彰化縣花壇鄉"
"1700","104",,"3714","彰化縣芬園鄉"
"1701","104",,"3715","彰化縣大村鄉"
"1702","104",,"3716","彰化縣埔鹽鄉"
"1703","104",,"3717","彰化縣埔心鄉"
"1704","104",,"3718","彰化縣永靖鄉"
"1705","104",,"3719","彰化縣社頭鄉"
"1706","104",,"3720","彰化縣二水鄉"
"1707","104",,"3721","彰化縣田尾鄉"
"1708","104",,"3722","彰化縣埤頭鄉"
"1709","104",,"3723","彰化縣芳苑鄉"
"1710","104",,"3724","彰化縣大城鄉"
"1711","104",,"3725","彰化縣竹塘鄉"
"1712","104",,"3726","彰化縣溪州鄉"
"1713","104",,"3801","南投縣南投市"
"1714","104",,"3802","南投縣埔里鎮"
"1715","104",,"3803","南投縣草屯鎮"
"1716","104",,"3804","南投縣竹山鎮"
"1717","104",,"3805","南投縣集集鎮"
"1718","104",,"3806","南投縣名間鄉"
"1719","104",,"3807","南投縣鹿谷鄉"
"1720","104",,"3808","南投縣中寮鄉"
"1721","104",,"3809","南投縣魚池鄉"
"1722","104",,"3810","南投縣國姓鄉"
"1723","104",,"3811","南投縣水里鄉"
"1724","104",,"3812","南投縣信義鄉"
"1725","104",,"3813","南投縣仁愛鄉"
"1726","104",,"3901","雲林縣斗六市"
"1727","104",,"3902","雲林縣斗南鎮"
"1728","104",,"3903","雲林縣虎尾鎮"
"1729","104",,"3904","雲林縣西螺鎮"
"1730","104",,"3905","雲林縣土庫鎮"
"1731","104",,"3906","雲林縣北港鎮"
"1732","104",,"3907","雲林縣古坑鄉"
"1733","104",,"3908","雲林縣大埤鄉"
"1734","104",,"3909","雲林縣莿桐鄉"
"1735","104",,"3910","雲林縣林內鄉"
"1736","104",,"3911","雲林縣二崙鄉"
"1737","104",,"3912","雲林縣崙背鄉"
"1738","104",,"3913","雲林縣麥寮鄉"
"1739","104",,"3914","雲林縣東勢鄉"
"1740","104",,"3915","雲林縣褒忠鄉"
"1741","104",,"3916","雲林縣臺西鄉"
"1742","104",,"3917","雲林縣元長鄉"
"1743","104",,"3918","雲林縣四湖鄉"
"1744","104",,"3919","雲林縣口湖鄉"
"1745","104",,"3920","雲林縣水林鄉"
"1746","104",,"4001","嘉義縣朴子市"
"1747","104",,"4002","嘉義縣布袋鎮"
"1748","104",,"4003","嘉義縣大林鎮"
"1749","104",,"4004","嘉義縣民雄鄉"
"1750","104",,"4005","嘉義縣溪口鄉"
"1751","104",,"4006","嘉義縣新港鄉"
"1752","104",,"4007","嘉義縣六腳鄉"
"1753","104",,"4008","嘉義縣東石鄉"
"1754","104",,"4009","嘉義縣義竹鄉"
"1755","104",,"4010","嘉義縣鹿草鄉"
"1756","104",,"4011","嘉義縣太保市"
"1757","104",,"4012","嘉義縣水上鄉"
"1758","104",,"4013","嘉義縣中埔鄉"
"1759","104",,"4014","嘉義縣竹崎鄉"
"1760","104",,"4015","嘉義縣梅山鄉"
"1761","104",,"4016","嘉義縣番路鄉"
"1762","104",,"4017","嘉義縣大埔鄉"
"1763","104",,"4018","嘉義縣阿里山鄉"
"1764","104",,"4301","屏東縣屏東市"
"1765","104",,"4302","屏東縣潮州鎮"
"1766","104",,"4303","屏東縣東港鎮"
"1767","104",,"4304","屏東縣恆春鎮"
"1768","104",,"4305","屏東縣萬丹鄉"
"1769","104",,"4306","屏東縣長治鄉"
"1770","104",,"4307","屏東縣麟洛鄉"
"1771","104",,"4308","屏東縣九如鄉"
"1772","104",,"4309","屏東縣里港鄉"
"1773","104",,"4310","屏東縣鹽埔鄉"
"1774","104",,"4311","屏東縣高樹鄉"
"1775","104",,"4312","屏東縣萬巒鄉"
"1776","104",,"4313","屏東縣內埔鄉"
"1777","104",,"4314","屏東縣竹田鄉"
"1778","104",,"4315","屏東縣新埤鄉"
"1779","104",,"4316","屏東縣枋寮鄉"
"1780","104",,"4317","屏東縣新園鄉"
"1781","104",,"4318","屏東縣崁頂鄉"
"1782","104",,"4319","屏東縣林邊鄉"
"1783","104",,"4320","屏東縣南州鄉"
"1784","104",,"4321","屏東縣佳冬鄉"
"1785","104",,"4322","屏東縣琉球鄉"
"1786","104",,"4323","屏東縣車城鄉"
"1787","104",,"4324","屏東縣滿州鄉"
"1788","104",,"4325","屏東縣枋山鄉"
"1789","104",,"4326","屏東縣三地門鄉"
"1790","104",,"4327","屏東縣霧臺鄉"
"1791","104",,"4328","屏東縣瑪家鄉"
"1792","104",,"4329","屏東縣泰武鄉"
"1793","104",,"4330","屏東縣來義鄉"
"1794","104",,"4331","屏東縣春日鄉"
"1795","104",,"4332","屏東縣獅子鄉"
"1796","104",,"4333","屏東縣牡丹鄉"
"1797","104",,"4401","澎湖縣馬公市"
"1798","104",,"4402","澎湖縣湖西鄉"
"1799","104",,"4403","澎湖縣白沙鄉"
"1800","104",,"4404","澎湖縣西嶼鄉"
"1801","104",,"4405","澎湖縣望安鄉"
"1802","104",,"4406","澎湖縣七美鄉"
"1803","104",,"4501","花蓮縣花蓮市"
"1804","104",,"4502","花蓮縣鳳林鎮"
"1805","104",,"4503","花蓮縣玉里鎮"
"1806","104",,"4504","花蓮縣新城鄉"
"1807","104",,"4505","花蓮縣吉安鄉"
"1808","104",,"4506","花蓮縣壽豐鄉"
"1809","104",,"4507","花蓮縣光復鄉"
"1810","104",,"4508","花蓮縣豐濱鄉"
"1811","104",,"4509","花蓮縣瑞穗鄉"
"1812","104",,"4510","花蓮縣富里鄉"
"1813","104",,"4511","花蓮縣秀林鄉"
"1814","104",,"4512","花蓮縣萬榮鄉"
"1815","104",,"4513","花蓮縣卓溪鄉"
"1816","104",,"4601","臺東縣臺東市"
"1817","104",,"4602","臺東縣成功鎮"
"1818","104",,"4603","臺東縣關山鎮"
"1819","104",,"4604","臺東縣卑南鄉"
"1820","104",,"4605","臺東縣大武鄉"
"1821","104",,"4606","臺東縣太麻里鄉"
"1822","104",,"4607","臺東縣東河鄉"
"1823","104",,"4608","臺東縣長濱鄉"
"1824","104",,"4609","臺東縣鹿野鄉"
"1825","104",,"4610","臺東縣池上鄉"
"1826","104",,"4611","臺東縣綠島鄉"
"1827","104",,"4612","臺東縣延平鄉"
"1828","104",,"4613","臺東縣海端鄉"
"1829","104",,"4614","臺東縣達仁鄉"
"1830","104",,"4615","臺東縣金峰鄉"
"1831","104",,"4616","臺東縣蘭嶼鄉"
"1832","104",,"9001","金門縣金城鎮"
"1833","104",,"9002","金門縣金沙鎮"
"1834","104",,"9003","金門縣金湖鎮"
"1835","104",,"9004","金門縣金寧鄉"
"1836","104",,"9005","金門縣烈嶼鄉"
"1837","104",,"9006","金門縣烏坵鄉"
"1838","104",,"9101","連江縣南竿鄉"
"1839","104",,"9102","連江縣北竿鄉"
"1840","104",,"9103","連江縣莒光鄉"
"1841","104",,"9104","連江縣東引鄉"
